starttime_VCO2_6262_1,area_VCO2_6262_1
24:40:44,5.488764E-02
24:42:00,6.214264E-03
24:43:20,3.006675E-03
24:44:37,6.930705E-02
24:45:57,3.270135E-03
24:47:15,4.873843E-04
24:48:33,7.162738E-04
24:49:50,5.753785E-03
24:51:07,8.134785E-04
24:52:28,7.460759E-04
24:40:44,3.380957
24:42:00,3.834179
24:43:20,3.691832
24:44:37,4.209634
24:45:57,3.630528
24:47:15,3.167284
24:48:33,3.313002
24:49:50,3.345144
24:51:07,4.249118
24:52:28,8.859495E-02
