starttime_VCO2_6262_1,area_VCO2_6262_1
11:08:30,5.105778E-04
11:09:36,7.750366E-04
11:10:48,3.718304E-03
11:11:58,2.980431E-03
11:13:05,.1182676
11:14:15,4.81164E-03
11:15:24,1.854427E-03
11:08:30,.9048448
11:09:36,1.271158
11:10:48,1.637072
11:11:58,1.660483
11:13:05,1.402735
11:14:15,1.056546
11:15:24,6.697024E-02
