starttime_VCO2_6262_1,area_VCO2_6262_1
17:41:09,8.522244E-04
17:42:23,8.148833E-04
17:43:43,1.334109E-03
17:44:53,1.293977E-03
17:46:07,8.986522E-04
17:47:24,4.962405E-04
17:48:39,1.432481E-03
17:50:06,1.078962E-03
17:51:16,1.165697E-03
17:52:48,1.230552E-03
17:54:30,1.021442E-03
17:41:09,1.347211
17:42:23,3.397389
17:43:43,1.482887
17:44:53,2.505056
17:46:07,2.626269
17:47:24,1.190627
17:48:39,3.428261
17:50:06,1.483821
17:51:16,2.831004
17:52:48,1.930927
17:54:30,1.959393
