starttime_VCO2_6262_1,area_VCO2_6262_1
24:46:59,-3.02719E-03
24:47:43,-2.704636E-03
24:48:58,-7.360733E-04
24:50:11,7.584426E-04
24:51:27,6.089832E-04
24:52:34,8.200937E-04
24:53:46,5.167731E-04
24:54:51,1.434779E-03
24:56:08,1.234626E-03
24:46:59,1.699979E-03
24:47:43,1.90402
24:48:58,1.382383
24:50:11,2.273696
24:51:27,.911771
24:52:34,1.414423
24:53:46,.7230065
24:54:51,2.130545
24:56:08,1.260215
