starttime_VCO2_6262_1,area_VCO2_6262_1
17:11:25,1.110194E-03
17:12:40,5.108808E-02
17:13:55,3.032965E-03
17:11:25,2.912207
17:12:40,3.037094
17:13:55,6.813257E-02
