starttime_VCO2_6262_1,area_VCO2_6262_1
24:00:22,6.210727E-04
24:01:02,1.598039E-03
24:02:36,1.473793E-03
24:04:09,1.157415E-03
24:05:37,1.477077E-03
24:07:12,1.551596E-03
24:08:59,9.514845E-04
24:00:22,-1.570833E-02
24:01:02,4.326604
24:02:36,3.982292
24:04:09,2.958428
24:05:37,3.412943
24:07:12,6.098877
24:08:59,4.627973
