starttime_VCO2_6262_1,area_VCO2_6262_1
14:23:30,-5.613251E-04
14:24:48,.0510444
14:26:04,2.491431E-03
14:27:27,6.524435E-02
14:28:46,3.689925E-03
14:30:12,1.086463E-03
14:31:35,.0876565
14:32:57,3.05006E-03
14:34:14,3.489343E-04
14:23:30,2.108666
14:24:48,1.907531
14:26:04,3.216864
14:27:27,2.718436
14:28:46,5.033095
14:30:12,3.56159
14:31:35,3.170249
14:32:57,1.570486
14:34:14,3.397774E-02
