starttime_VCO2_6262_1,area_VCO2_6262_1
15:13:21,5.875548E-02
15:15:06,4.832875E-03
15:16:53,6.282441E-02
15:18:39,3.103238E-03
15:20:23,9.965099E-02
15:22:11,2.025842E-03
15:13:21,8.72205
15:15:06,8.304322
15:16:53,8.31511
15:18:39,8.265025
15:20:23,6.200472
15:22:11,6.219221E-02
