starttime_VCO2_6262_1,area_VCO2_6262_1
11:29:11,6.487122E-04
11:29:11,2.905724E-02
