starttime_VCO2_6262_1,area_VCO2_6262_1
13:10:17,1.416084E-03
13:11:05,1.994649E-03
13:12:17,1.61131E-03
13:13:25,1.759007E-03
13:14:35,1.491072E-03
13:15:47,1.485178E-03
13:16:59,1.778905E-03
13:18:15,1.533395E-03
13:19:35,1.11825E-03
13:20:57,1.146993E-03
13:10:17,3.446861E-02
13:11:05,1.03677
13:12:17,1.031926
13:13:25,1.250657
13:14:35,1.78888
13:15:47,1.715883
13:16:59,1.761518
13:18:15,2.441646
13:19:35,2.255586
13:20:57,2.378639
