starttime_VCO2_6262_1,area_VCO2_6262_1
11:03:24,8.508685E-04
11:04:16,1.562479E-03
11:03:24,-2.766901E-02
11:04:16,5.023901
