starttime_VCO2_6262_1,area_VCO2_6262_1
24:13:22,8.234574E-04
24:14:40,5.555427E-02
24:16:12,3.245698E-03
24:17:43,.1158092
24:19:01,5.107088E-03
24:13:22,3.451629
24:14:40,5.674174
24:16:12,5.892554
24:17:43,2.230928
24:19:01,-2.067348E-02
