starttime_VCO2_6262_1,area_VCO2_6262_1
15:23:34,2.544357E-03
15:25:04,8.465748E-02
15:26:47,5.668055E-03
15:28:28,.0710119
15:30:08,4.802851E-03
15:31:56,8.000412E-02
15:33:46,5.723381E-03
15:35:35,.1155598
15:37:14,5.791505E-03
15:23:34,3.794109
15:25:04,3.690503
15:26:47,5.157694
15:28:28,5.299801
15:30:08,3.565368
15:31:56,6.577418
15:33:46,5.482871
15:35:35,2.43451
15:37:14,2.379767
