starttime_VCO2_6262_1,area_VCO2_6262_1
24:56:15,5.015504E-02
24:57:40,.0044821
24:58:58,1.645891E-03
24:56:15,2.07562
24:57:40,1.174777
24:58:58,-.2334303
