starttime_VCO2_6262_1,area_VCO2_6262_1
13:58:59,6.528239E-04
13:59:54,1.059027E-03
14:01:25,4.247041E-04
14:02:52,4.287899E-02
14:04:31,-2.016814E-03
14:05:51,-2.044079E-04
14:07:19,2.56594E-04
14:08:42,2.099499E-04
14:10:05,1.536328E-03
14:11:29,1.054719E-03
13:58:59,-3.421297E-02
13:59:54,4.315211
14:01:25,3.912741
14:02:52,4.297149
14:04:31,3.402959
14:05:51,3.075831
14:07:19,3.054667
14:08:42,4.012119
14:10:05,3.999619
14:11:29,4.43729
