starttime_VCO2_6262_1,area_VCO2_6262_1
14:09:43,2.617456E-03
14:10:39,2.692962E-03
14:11:50,2.544985E-03
14:13:01,2.784398E-03
14:14:18,3.168746E-03
14:15:40,3.373328E-03
14:17:03,2.530578E-03
14:18:21,3.173287E-03
14:19:48,2.412915E-03
14:21:14,2.174719E-03
14:09:43,.0438415
14:10:39,1.648688
14:11:50,1.443116
14:13:01,2.228644
14:14:18,2.773167
14:15:40,2.448531
14:17:03,2.887731
14:18:21,3.40477
14:19:48,3.618195
14:21:14,3.840559
